shot,category,temperature,decision_margin,image_weight_mean,image_weight_q10,image_weight_q50,image_weight_q90,pixel_weight_mean,image_pixel_weight_gap_mean,visual_count,text_count,weighted_count
2,candle,0.2,0.05,0.9483794519305229,0.9499999880790709,0.9499999880790709,0.9499999880790709,0.39501079568222186,0.5533686562483009,200,0,0
2,candle,0.2,0.1,0.9483794519305229,0.9499999880790709,0.9499999880790709,0.9499999880790709,0.39501079568222186,0.5533686562483009,200,0,0
2,candle,0.2,0.15,0.9483794519305229,0.9499999880790709,0.9499999880790709,0.9499999880790709,0.39501079568222186,0.5533686562483009,200,0,0
2,candle,0.35,0.05,0.841522112328878,0.8432401023720973,0.8432401023720973,0.8432401023720973,0.4393250589724774,0.4021970533564004,200,0,0
2,candle,0.35,0.1,0.841522112328878,0.8432401023720973,0.8432401023720973,0.8432401023720973,0.4393250589724774,0.4021970533564004,200,0,0
2,candle,0.35,0.15,0.841522112328878,0.8432401023720973,0.8432401023720973,0.8432401023720973,0.4393250589724774,0.4021970533564004,199,0,1
2,candle,0.5,0.05,0.7630910601676443,0.7645475954666215,0.7645475954666215,0.7645475954666215,0.4574073199367497,0.3056837402308947,200,0,0
2,candle,0.5,0.1,0.7630910601676443,0.7645475954666215,0.7645475954666215,0.7645475954666215,0.4574073199367497,0.3056837402308947,199,0,1
2,candle,0.5,0.15,0.7630910601676443,0.7645475954666215,0.7645475954666215,0.7645475954666215,0.4574073199367497,0.3056837402308947,199,0,1
2,capsules,0.2,0.05,0.710725997760892,0.5006871879100799,0.6662754714488983,0.9499999880790709,0.46863613512493707,0.24332606448959443,101,0,59
2,capsules,0.2,0.1,0.710725997760892,0.5006871879100799,0.6662754714488983,0.9499999880790709,0.46863613512493707,0.24332606448959443,87,0,73
2,capsules,0.2,0.15,0.710725997760892,0.5006871879100799,0.6662754714488983,0.9499999880790709,0.46863613512493707,0.24332606448959443,83,0,77
2,capsules,0.35,0.05,0.6502595176902807,0.5003926789745655,0.5975046815755335,0.8432401023720973,0.48203548654940176,0.1689306617855419,90,0,70
2,capsules,0.35,0.1,0.6502595176902807,0.5003926789745655,0.5975046815755335,0.8432401023720973,0.48203548654940176,0.1689306617855419,79,0,81
2,capsules,0.35,0.15,0.6502595176902807,0.5003926789745655,0.5975046815755335,0.8432401023720973,0.48203548654940176,0.1689306617855419,70,0,90
2,capsules,0.5,0.05,0.6132739151896602,0.5002748753114146,0.5687014569793405,0.7645475954666215,0.48741747991747575,0.12635111648991587,86,0,74
2,capsules,0.5,0.1,0.6132739151896602,0.5002748753114146,0.5687014569793405,0.7645475954666215,0.48741747991747575,0.12635111648991587,71,0,89
2,capsules,0.5,0.15,0.6132739151896602,0.5002748753114146,0.5687014569793405,0.7645475954666215,0.48741747991747575,0.12635111648991587,60,0,100
2,cashew,0.2,0.05,0.7538446720441182,0.5098096311092377,0.7525156438350677,0.9499999880790709,0.2068755168386667,0.5469691552054515,117,0,33
2,cashew,0.2,0.1,0.7538446720441182,0.5098096311092377,0.7525156438350677,0.9499999880790709,0.2068755168386667,0.5469691552054515,107,0,43
2,cashew,0.2,0.15,0.7538446720441182,0.5098096311092377,0.7525156438350677,0.9499999880790709,0.2068755168386667,0.5469691552054515,90,0,60
2,cashew,0.35,0.05,0.6809421543413062,0.5056059879484047,0.6537313136206331,0.8432401023720973,0.3167326654060401,0.3642094889352661,108,0,42
2,cashew,0.35,0.1,0.6809421543413062,0.5056059879484047,0.6537313136206331,0.8432401023720973,0.3167326654060401,0.3642094889352661,89,0,61
2,cashew,0.35,0.15,0.6809421543413062,0.5056059879484047,0.6537313136206331,0.8432401023720973,0.3167326654060401,0.3642094889352661,76,0,74
2,cashew,0.5,0.05,0.6364358570609827,0.5039242754299048,0.6094114421454229,0.7645475954666215,0.36857305253309675,0.2678628045278861,99,0,51
2,cashew,0.5,0.1,0.6364358570609827,0.5039242754299048,0.6094114421454229,0.7645475954666215,0.36857305253309675,0.2678628045278861,77,0,73
2,cashew,0.5,0.15,0.6364358570609827,0.5039242754299048,0.6094114421454229,0.7645475954666215,0.36857305253309675,0.2678628045278861,68,0,82
2,chewinggum,0.2,0.05,0.9101490708192189,0.8607816457748414,0.9358406662940979,0.9499999880790709,0.1766930575766694,0.7334560132425495,149,1,0
2,chewinggum,0.2,0.1,0.9101490708192189,0.8607816457748414,0.9358406662940979,0.9499999880790709,0.1766930575766694,0.7334560132425495,149,0,1
2,chewinggum,0.2,0.15,0.9101490708192189,0.8607816457748414,0.9358406662940979,0.9499999880790709,0.1766930575766694,0.7334560132425495,149,0,1
2,chewinggum,0.35,0.05,0.7978189267451935,0.7390481203285824,0.8222473636362589,0.8432401023720973,0.2924787287155695,0.5053401980296239,149,0,1
2,chewinggum,0.35,0.1,0.7978189267451935,0.7390481203285824,0.8222473636362589,0.8432401023720973,0.2924787287155695,0.5053401980296239,148,0,2
2,chewinggum,0.35,0.15,0.7978189267451935,0.7390481203285824,0.8222473636362589,0.8432401023720973,0.2924787287155695,0.5053401980296239,147,0,3
2,chewinggum,0.5,0.05,0.7253463916325785,0.6745240830830791,0.7450143426376854,0.7645475954666215,0.349968901325294,0.37537749030728446,149,0,1
2,chewinggum,0.5,0.1,0.7253463916325785,0.6745240830830791,0.7450143426376854,0.7645475954666215,0.349968901325294,0.37537749030728446,147,0,3
2,chewinggum,0.5,0.15,0.7253463916325785,0.6745240830830791,0.7450143426376854,0.7645475954666215,0.349968901325294,0.37537749030728446,146,0,4
2,fryum,0.2,0.05,0.7297583166758219,0.5311914324760437,0.7018295228481293,0.9499999880790709,0.22711022714518606,0.5026480895306359,119,0,31
2,fryum,0.2,0.1,0.7297583166758219,0.5311914324760437,0.7018295228481293,0.9499999880790709,0.22711022714518606,0.5026480895306359,100,0,50
2,fryum,0.2,0.15,0.7297583166758219,0.5311914324760437,0.7018295228481293,0.9499999880790709,0.22711022714518606,0.5026480895306359,83,0,67
2,fryum,0.35,0.05,0.6592008499260611,0.5178392814410592,0.6199080005489207,0.8432401023720973,0.331693622535164,0.32750722739089705,107,0,43
2,fryum,0.35,0.1,0.6592008499260611,0.5178392814410592,0.6199080005489207,0.8432401023720973,0.331693622535164,0.32750722739089705,79,0,71
2,fryum,0.35,0.15,0.6592008499260611,0.5178392814410592,0.6199080005489207,0.8432401023720973,0.331693622535164,0.32750722739089705,64,0,86
2,fryum,0.5,0.05,0.6189015066073623,0.5124902017638764,0.5847759490406561,0.7645475954666215,0.3797741487305123,0.23912735787685008,94,0,56
2,fryum,0.5,0.1,0.6189015066073623,0.5124902017638764,0.5847759490406561,0.7645475954666215,0.3797741487305123,0.23912735787685008,67,0,83
2,fryum,0.5,0.15,0.6189015066073623,0.5124902017638764,0.5847759490406561,0.7645475954666215,0.3797741487305123,0.23912735787685008,55,0,95
2,macaroni1,0.2,0.05,0.9419839265942573,0.9499999880790709,0.9499999880790709,0.9499999880790709,0.47544427545535656,0.4665396511389007,200,0,0
2,macaroni1,0.2,0.1,0.9419839265942573,0.9499999880790709,0.9499999880790709,0.9499999880790709,0.47544427545535656,0.4665396511389007,200,0,0
2,macaroni1,0.2,0.15,0.9419839265942573,0.9499999880790709,0.9499999880790709,0.9499999880790709,0.47544427545535656,0.4665396511389007,200,0,0
2,macaroni1,0.35,0.05,0.8352643809066865,0.8432401023720973,0.8432401023720973,0.8432401023720973,0.4859586474320035,0.3493057334746828,200,0,0
2,macaroni1,0.35,0.1,0.8352643809066865,0.8432401023720973,0.8432401023720973,0.8432401023720973,0.4859586474320035,0.3493057334746828,199,0,1
2,macaroni1,0.35,0.15,0.8352643809066865,0.8432401023720973,0.8432401023720973,0.8432401023720973,0.4859586474320035,0.3493057334746828,197,0,3
2,macaroni1,0.5,0.05,0.7579178063181976,0.7645475954666215,0.7645475954666215,0.7645475954666215,0.4901694051234511,0.26774840119474647,200,0,0
2,macaroni1,0.5,0.1,0.7579178063181976,0.7645475954666215,0.7645475954666215,0.7645475954666215,0.4901694051234511,0.26774840119474647,197,0,3
2,macaroni1,0.5,0.15,0.7579178063181976,0.7645475954666215,0.7645475954666215,0.7645475954666215,0.4901694051234511,0.26774840119474647,194,0,6
2,macaroni2,0.2,0.05,0.685325232744217,0.5363140106201172,0.6186074316501617,0.9499999880790709,0.7230192777909159,0.1431857874574903,153,0,47
2,macaroni2,0.2,0.1,0.685325232744217,0.5363140106201172,0.6186074316501617,0.9499999880790709,0.7230192777909159,0.1431857874574903,113,0,87
2,macaroni2,0.2,0.15,0.685325232744217,0.5363140106201172,0.6186074316501617,0.9499999880790709,0.7230192777909159,0.1431857874574903,84,0,116
2,macaroni2,0.35,0.05,0.6234748478291582,0.5207754970960846,0.5686553737263084,0.8432401023720973,0.633771429296223,0.10037091559489206,124,0,76
2,macaroni2,0.35,0.1,0.6234748478291582,0.5207754970960846,0.5686553737263084,0.8432401023720973,0.633771429296223,0.10037091559489206,82,0,118
2,macaroni2,0.35,0.15,0.6234748478291582,0.5207754970960846,0.5686553737263084,0.8432401023720973,0.633771429296223,0.10037091559489206,67,0,133
2,macaroni2,0.5,0.05,0.5909825828245554,0.514547119450242,0.548214009911878,0.7645475954666215,0.5948204779798143,0.07499825556983465,98,0,102
2,macaroni2,0.5,0.1,0.5909825828245554,0.514547119450242,0.548214009911878,0.7645475954666215,0.5948204779798143,0.07499825556983465,71,0,129
2,macaroni2,0.5,0.15,0.5909825828245554,0.514547119450242,0.548214009911878,0.7645475954666215,0.5948204779798143,0.07499825556983465,47,0,153
2,pcb1,0.2,0.05,0.9251636758446693,0.8645552635192871,0.9499999880790709,0.9499999880790709,0.3192840022382387,0.6058796736064306,200,0,0
2,pcb1,0.2,0.1,0.9251636758446693,0.8645552635192871,0.9499999880790709,0.9499999880790709,0.3192840022382387,0.6058796736064306,200,0,0
2,pcb1,0.2,0.15,0.9251636758446693,0.8645552635192871,0.9499999880790709,0.9499999880790709,0.3192840022382387,0.6058796736064306,199,0,1
2,pcb1,0.35,0.05,0.8162647680889367,0.7425614482042089,0.8432401023720973,0.8432401023720973,0.39348388050112887,0.4227808875878075,200,0,0
2,pcb1,0.35,0.1,0.8162647680889367,0.7425614482042089,0.8432401023720973,0.8432401023720973,0.39348388050112887,0.4227808875878075,199,0,1
2,pcb1,0.35,0.15,0.8162647680889367,0.7425614482042089,0.8432401023720973,0.8432401023720973,0.39348388050112887,0.4227808875878075,194,0,6
2,pcb1,0.5,0.05,0.7415584229773732,0.677334003877636,0.7645475954666215,0.7645475954666215,0.4248490128018736,0.31670941017549964,200,0,0
2,pcb1,0.5,0.1,0.7415584229773732,0.677334003877636,0.7645475954666215,0.7645475954666215,0.4248490128018736,0.31670941017549964,194,0,6
2,pcb1,0.5,0.15,0.7415584229773732,0.677334003877636,0.7645475954666215,0.7645475954666215,0.4248490128018736,0.31670941017549964,187,0,13
2,pcb2,0.2,0.05,0.7798811727762223,0.5237878799438477,0.8398730456829071,0.9499999880790709,0.24718266746659961,0.5326985053096226,160,0,40
2,pcb2,0.2,0.1,0.7798811727762223,0.5237878799438477,0.8398730456829071,0.9499999880790709,0.24718266746659961,0.5326985053096226,146,0,54
2,pcb2,0.2,0.15,0.7798811727762223,0.5237878799438477,0.8398730456829071,0.9499999880790709,0.24718266746659961,0.5326985053096226,139,0,61
2,pcb2,0.35,0.05,0.6997381295011442,0.5135999897728108,0.720517066904917,0.8432401023720973,0.3460423327429191,0.353695796758225,148,0,52
2,pcb2,0.35,0.1,0.6997381295011442,0.5135999897728108,0.720517066904917,0.8432401023720973,0.3460423327429191,0.353695796758225,136,0,64
2,pcb2,0.35,0.15,0.6997381295011442,0.5135999897728108,0.720517066904917,0.8432401023720973,0.3460423327429191,0.353695796758225,121,0,79
2,pcb2,0.5,0.05,0.6505473212902436,0.5095211907664231,0.6599163017339928,0.7645475954666215,0.3904186493309853,0.2601286719592582,144,0,56
2,pcb2,0.5,0.1,0.6505473212902436,0.5095211907664231,0.6599163017339928,0.7645475954666215,0.3904186493309853,0.2601286719592582,124,0,76
2,pcb2,0.5,0.15,0.6505473212902436,0.5095211907664231,0.6599163017339928,0.7645475954666215,0.3904186493309853,0.2601286719592582,105,0,95
2,pcb3,0.2,0.05,0.9499999880790709,0.9499999880790709,0.9499999880790709,0.9499999880790709,0.4230494449663292,0.5269505431127418,201,0,0
2,pcb3,0.2,0.1,0.9499999880790709,0.9499999880790709,0.9499999880790709,0.9499999880790709,0.4230494449663292,0.5269505431127418,201,0,0
2,pcb3,0.2,0.15,0.9499999880790709,0.9499999880790709,0.9499999880790709,0.9499999880790709,0.4230494449663292,0.5269505431127418,201,0,0
2,pcb3,0.35,0.05,0.8432401023720976,0.8432401023720973,0.8432401023720973,0.8432401023720973,0.45575390435730306,0.38748619801479417,201,0,0
2,pcb3,0.35,0.1,0.8432401023720976,0.8432401023720973,0.8432401023720973,0.8432401023720973,0.45575390435730306,0.38748619801479417,201,0,0
2,pcb3,0.35,0.15,0.8432401023720976,0.8432401023720973,0.8432401023720973,0.8432401023720973,0.45575390435730306,0.38748619801479417,201,0,0
2,pcb3,0.5,0.05,0.7645475954666215,0.7645475954666215,0.7645475954666215,0.7645475954666215,0.4689797299787554,0.2955678654878662,201,0,0
2,pcb3,0.5,0.1,0.7645475954666215,0.7645475954666215,0.7645475954666215,0.7645475954666215,0.4689797299787554,0.2955678654878662,201,0,0
2,pcb3,0.5,0.15,0.7645475954666215,0.7645475954666215,0.7645475954666215,0.7645475954666215,0.4689797299787554,0.2955678654878662,201,0,0
2,pcb4,0.2,0.05,0.8386903422981945,0.6056467890739441,0.9085503816604615,0.9499999880790709,0.2768457504083148,0.5618445918898798,198,0,3
2,pcb4,0.2,0.1,0.8386903422981945,0.6056467890739441,0.9085503816604615,0.9499999880790709,0.2768457504083148,0.5618445918898798,184,0,17
2,pcb4,0.2,0.15,0.8386903422981945,0.6056467890739441,0.9085503816604615,0.9499999880790709,0.2768457504083148,0.5618445918898798,168,0,33
2,pcb4,0.35,0.05,0.742903275902919,0.5609876671416462,0.7878535708504767,0.8432401023720973,0.3661583391639269,0.37674493673899206,190,0,11
2,pcb4,0.35,0.1,0.742903275902919,0.5609876671416462,0.7878535708504767,0.8432401023720973,0.3661583391639269,0.37674493673899206,159,0,42
2,pcb4,0.35,0.15,0.742903275902919,0.5609876671416462,0.7878535708504767,0.8432401023720973,0.3661583391639269,0.37674493673899206,146,0,55
2,pcb4,0.5,0.05,0.683369236795061,0.5427999987683347,0.7147210506350522,0.7645475954666215,0.40513213024056494,0.2782371065544961,176,0,25
2,pcb4,0.5,0.1,0.683369236795061,0.5427999987683347,0.7147210506350522,0.7645475954666215,0.40513213024056494,0.2782371065544961,148,0,53
2,pcb4,0.5,0.15,0.683369236795061,0.5427999987683347,0.7147210506350522,0.7645475954666215,0.40513213024056494,0.2782371065544961,134,0,67
2,pipe_fryum,0.2,0.05,0.6022893516222636,0.5023283004760742,0.5205924808979034,0.9499999880790709,0.20763624403207437,0.3946531075901891,52,0,98
2,pipe_fryum,0.2,0.1,0.6022893516222636,0.5023283004760742,0.5205924808979034,0.9499999880790709,0.20763624403207437,0.3946531075901891,44,0,106
2,pipe_fryum,0.2,0.15,0.6022893516222636,0.5023283004760742,0.5205924808979034,0.9499999880790709,0.20763624403207437,0.3946531075901891,35,0,115
2,pipe_fryum,0.35,0.05,0.570602527231171,0.501330463895504,0.5117716168706877,0.8432401023720973,0.3170989375000716,0.2535035897310993,44,0,106
2,pipe_fryum,0.35,0.1,0.570602527231171,0.501330463895504,0.5117716168706877,0.8432401023720973,0.3170989375000716,0.2535035897310993,33,0,117
2,pipe_fryum,0.35,0.15,0.570602527231171,0.501330463895504,0.5117716168706877,0.8432401023720973,0.3170989375000716,0.2535035897310993,25,0,125
2,pipe_fryum,0.5,0.05,0.5527292734721059,0.5009313258485946,0.5082409085529582,0.7645475954666215,0.3688031573792019,0.18392611609290388,39,0,111
2,pipe_fryum,0.5,0.1,0.5527292734721059,0.5009313258485946,0.5082409085529582,0.7645475954666215,0.3688031573792019,0.18392611609290388,26,0,124
2,pipe_fryum,0.5,0.15,0.5527292734721059,0.5009313258485946,0.5082409085529582,0.7645475954666215,0.3688031573792019,0.18392611609290388,22,0,128
4,candle,0.2,0.05,0.8377132530510426,0.5889877617359162,0.9259145557880402,0.9499999880790709,0.23790590694639394,0.5998073461046486,187,0,13
4,candle,0.2,0.1,0.8377132530510426,0.5889877617359162,0.9259145557880402,0.9499999880790709,0.23790590694639394,0.5998073461046486,177,0,23
4,candle,0.2,0.15,0.8377132530510426,0.5889877617359162,0.9259145557880402,0.9499999880790709,0.23790590694639394,0.5998073461046486,167,0,33
4,candle,0.35,0.05,0.7437704997106885,0.5512174478622696,0.808948488022135,0.8432401023720973,0.3392131530831405,0.40455734662754816,180,0,20
4,candle,0.35,0.1,0.7437704997106885,0.5512174478622696,0.808948488022135,0.8432401023720973,0.3392131530831405,0.40455734662754816,164,0,36
4,candle,0.35,0.15,0.7437704997106885,0.5512174478622696,0.808948488022135,0.8432401023720973,0.3392131530831405,0.40455734662754816,145,0,55
4,candle,0.5,0.05,0.6844448694975778,0.5359164801813574,0.7330666518659674,0.7645475954666215,0.38531288363853533,0.2991319858590425,171,0,29
4,candle,0.5,0.1,0.6844448694975778,0.5359164801813574,0.7330666518659674,0.7645475954666215,0.38531288363853533,0.2991319858590425,148,0,52
4,candle,0.5,0.15,0.6844448694975778,0.5359164801813574,0.7330666518659674,0.7645475954666215,0.38531288363853533,0.2991319858590425,135,0,65
4,capsules,0.2,0.05,0.8158671118319034,0.5502135753631592,0.9034856557846069,0.9499999880790709,0.4627970870769552,0.35309848458691534,144,0,16
4,capsules,0.2,0.1,0.8158671118319034,0.5502135753631592,0.9034856557846069,0.9499999880790709,0.4627970870769552,0.35309848458691534,132,0,28
4,capsules,0.2,0.15,0.8158671118319034,0.5502135753631592,0.9034856557846069,0.9499999880790709,0.4627970870769552,0.35309848458691534,126,0,34
4,capsules,0.35,0.05,0.727659649820804,0.5287613930438716,0.7821328787700531,0.8432401023720973,0.47868346927771466,0.24899244781627744,136,0,24
4,capsules,0.35,0.1,0.727659649820804,0.5287613930438716,0.7821328787700531,0.8432401023720973,0.47868346927771466,0.24899244781627744,123,0,37
4,capsules,0.35,0.15,0.727659649820804,0.5287613930438716,0.7821328787700531,0.8432401023720973,0.47868346927771466,0.24899244781627744,107,0,53
4,capsules,0.5,0.05,0.6721961959000485,0.5201447744915202,0.7098632266059517,0.7645475954666215,0.4850683785760207,0.18713920519644,130,0,30
4,capsules,0.5,0.1,0.6721961959000485,0.5201447744915202,0.7098632266059517,0.7645475954666215,0.4850683785760207,0.18713920519644,109,0,51
4,capsules,0.5,0.15,0.6721961959000485,0.5201447744915202,0.7098632266059517,0.7645475954666215,0.4850683785760207,0.18713920519644,95,0,65
4,cashew,0.2,0.05,0.8693977459271749,0.6463798701763153,0.9499999880790709,0.9499999880790709,0.19239391909317782,0.677003826833997,149,0,1
4,cashew,0.2,0.1,0.8693977459271749,0.6463798701763153,0.9499999880790709,0.9499999880790709,0.19239391909317782,0.677003826833997,145,0,5
4,cashew,0.2,0.15,0.8693977459271749,0.6463798701763153,0.9499999880790709,0.9499999880790709,0.19239391909317782,0.677003826833997,134,0,16
4,cashew,0.35,0.05,0.76831847015423,0.5853234588623523,0.8432401023720973,0.8432401023720973,0.30567291461034074,0.4626455555438892,148,0,2
4,cashew,0.35,0.1,0.76831847015423,0.5853234588623523,0.8432401023720973,0.8432401023720973,0.30567291461034074,0.4626455555438892,131,0,19
4,cashew,0.35,0.15,0.76831847015423,0.5853234588623523,0.8432401023720973,0.8432401023720973,0.30567291461034074,0.4626455555438892,121,0,29
4,cashew,0.5,0.05,0.7034270221978403,0.5600256561636799,0.7645475954666215,0.7645475954666215,0.36021585518981547,0.3432111670080249,137,0,13
4,cashew,0.5,0.1,0.7034270221978403,0.5600256561636799,0.7645475954666215,0.7645475954666215,0.36021585518981547,0.3432111670080249,124,0,26
4,cashew,0.5,0.15,0.7034270221978403,0.5600256561636799,0.7645475954666215,0.7645475954666215,0.36021585518981547,0.3432111670080249,110,0,40
4,chewinggum,0.2,0.05,0.908297933737437,0.8416689991950989,0.9300259351730347,0.9499999880790709,0.1665828820049491,0.7417150517324878,150,0,0
4,chewinggum,0.2,0.1,0.908297933737437,0.8416689991950989,0.9300259351730347,0.9499999880790709,0.1665828820049491,0.7417150517324878,150,0,0
4,chewinggum,0.2,0.15,0.908297933737437,0.8416689991950989,0.9300259351730347,0.9499999880790709,0.1665828820049491,0.7417150517324878,150,0,0
4,chewinggum,0.35,0.05,0.7942900328435786,0.7220564260442757,0.8143215109300481,0.8432401023720973,0.28382757396470937,0.5104624588788692,150,0,0
4,chewinggum,0.35,0.1,0.7942900328435786,0.7220564260442757,0.8143215109300481,0.8432401023720973,0.28382757396470937,0.5104624588788692,150,0,0
4,chewinggum,0.35,0.15,0.7942900328435786,0.7220564260442757,0.8143215109300481,0.8432401023720973,0.28382757396470937,0.5104624588788692,150,0,0
4,chewinggum,0.5,0.05,0.7221319870366422,0.6611178296226349,0.7378527089673044,0.7645475954666215,0.34320883539326547,0.3789231516433767,150,0,0
4,chewinggum,0.5,0.1,0.7221319870366422,0.6611178296226349,0.7378527089673044,0.7645475954666215,0.34320883539326547,0.3789231516433767,150,0,0
4,chewinggum,0.5,0.15,0.7221319870366422,0.6611178296226349,0.7378527089673044,0.7645475954666215,0.34320883539326547,0.3789231516433767,149,0,1
4,fryum,0.2,0.05,0.9455610052744547,0.9474197566509247,0.9499999880790709,0.9499999880790709,0.27264901139817,0.6729119938762845,150,0,0
4,fryum,0.2,0.1,0.9455610052744547,0.9474197566509247,0.9499999880790709,0.9499999880790709,0.27264901139817,0.6729119938762845,150,0,0
4,fryum,0.2,0.15,0.9455610052744547,0.9474197566509247,0.9499999880790709,0.9499999880790709,0.27264901139817,0.6729119938762845,150,0,0
4,fryum,0.35,0.05,0.8383687416084209,0.8391928651739035,0.8432401023720973,0.8432401023720973,0.36328311217195003,0.4750856294364708,150,0,0
4,fryum,0.35,0.1,0.8383687416084209,0.8391928651739035,0.8432401023720973,0.8432401023720973,0.36328311217195003,0.4750856294364708,150,0,0
4,fryum,0.35,0.15,0.8383687416084209,0.8391928651739035,0.8432401023720973,0.8432401023720973,0.36328311217195003,0.4750856294364708,148,0,2
4,fryum,0.5,0.05,0.760363888586123,0.7607081186885596,0.7645475954666215,0.7645475954666215,0.4030242007170494,0.35733968786907366,150,0,0
4,fryum,0.5,0.1,0.760363888586123,0.7607081186885596,0.7645475954666215,0.7645475954666215,0.4030242007170494,0.35733968786907366,149,0,1
4,fryum,0.5,0.15,0.760363888586123,0.7607081186885596,0.7645475954666215,0.7645475954666215,0.4030242007170494,0.35733968786907366,148,0,2
4,macaroni1,0.2,0.05,0.9459561601281166,0.9499999880790709,0.9499999880790709,0.9499999880790709,0.3509393357621131,0.5950168243660033,200,0,0
4,macaroni1,0.2,0.1,0.9459561601281166,0.9499999880790709,0.9499999880790709,0.9499999880790709,0.3509393357621131,0.5950168243660033,200,0,0
4,macaroni1,0.2,0.15,0.9459561601281166,0.9499999880790709,0.9499999880790709,0.9499999880790709,0.3509393357621131,0.5950168243660033,200,0,0
4,macaroni1,0.35,0.05,0.8388797409839015,0.8432401023720973,0.8432401023720973,0.8432401023720973,0.41303620415807474,0.42584353682582654,200,0,0
4,macaroni1,0.35,0.1,0.8388797409839015,0.8432401023720973,0.8432401023720973,0.8432401023720973,0.41303620415807474,0.42584353682582654,200,0,0
4,macaroni1,0.35,0.15,0.8388797409839015,0.8432401023720973,0.8432401023720973,0.8432401023720973,0.41303620415807474,0.42584353682582654,200,0,0
4,macaroni1,0.5,0.05,0.7608503075270425,0.7645475954666215,0.7645475954666215,0.7645475954666215,0.43880624907944576,0.32204405844759676,200,0,0
4,macaroni1,0.5,0.1,0.7608503075270425,0.7645475954666215,0.7645475954666215,0.7645475954666215,0.43880624907944576,0.32204405844759676,200,0,0
4,macaroni1,0.5,0.15,0.7608503075270425,0.7645475954666215,0.7645475954666215,0.7645475954666215,0.43880624907944576,0.32204405844759676,197,0,3
4,macaroni2,0.2,0.05,0.946741654574871,0.9499999880790709,0.9499999880790709,0.9499999880790709,0.45593308261649673,0.49080857195837424,200,0,0
4,macaroni2,0.2,0.1,0.946741654574871,0.9499999880790709,0.9499999880790709,0.9499999880790709,0.45593308261649673,0.49080857195837424,200,0,0
4,macaroni2,0.2,0.15,0.946741654574871,0.9499999880790709,0.9499999880790709,0.9499999880790709,0.45593308261649673,0.49080857195837424,200,0,0
4,macaroni2,0.35,0.05,0.8396558765400854,0.8432401023720973,0.8432401023720973,0.8432401023720973,0.4747732411043614,0.3648826354357241,200,0,0
4,macaroni2,0.35,0.1,0.8396558765400854,0.8432401023720973,0.8432401023720973,0.8432401023720973,0.4747732411043614,0.3648826354357241,200,0,0
4,macaroni2,0.35,0.15,0.8396558765400854,0.8432401023720973,0.8432401023720973,0.8432401023720973,0.4747732411043614,0.3648826354357241,199,0,1
4,macaroni2,0.5,0.05,0.7614736292478621,0.7645475954666215,0.7645475954666215,0.7645475954666215,0.48233334234059355,0.2791402869072685,200,0,0
4,macaroni2,0.5,0.1,0.7614736292478621,0.7645475954666215,0.7645475954666215,0.7645475954666215,0.48233334234059355,0.2791402869072685,199,0,1
4,macaroni2,0.5,0.15,0.7614736292478621,0.7645475954666215,0.7645475954666215,0.7645475954666215,0.48233334234059355,0.2791402869072685,199,0,1
4,pcb1,0.2,0.05,0.9499435490369795,0.9499999880790709,0.9499999880790709,0.9499999880790709,0.35923371353278083,0.5907098355041986,200,0,0
4,pcb1,0.2,0.1,0.9499435490369795,0.9499999880790709,0.9499999880790709,0.9499999880790709,0.35923371353278083,0.5907098355041986,200,0,0
4,pcb1,0.2,0.15,0.9499435490369795,0.9499999880790709,0.9499999880790709,0.9499999880790709,0.35923371353278083,0.5907098355041986,200,0,0
4,pcb1,0.35,0.05,0.8431552289471901,0.8432401023720973,0.8432401023720973,0.8432401023720973,0.41806324840091136,0.42509198054627845,200,0,0
4,pcb1,0.35,0.1,0.8431552289471901,0.8432401023720973,0.8432401023720973,0.8432401023720973,0.41806324840091136,0.42509198054627845,200,0,0
4,pcb1,0.35,0.15,0.8431552289471901,0.8432401023720973,0.8432401023720973,0.8432401023720973,0.41806324840091136,0.42509198054627845,200,0,0
4,pcb1,0.5,0.05,0.7644682447733442,0.7645475954666215,0.7645475954666215,0.7645475954666215,0.44237744838014725,0.322090796393197,200,0,0
4,pcb1,0.5,0.1,0.7644682447733442,0.7645475954666215,0.7645475954666215,0.7645475954666215,0.44237744838014725,0.322090796393197,200,0,0
4,pcb1,0.5,0.15,0.7644682447733442,0.7645475954666215,0.7645475954666215,0.7645475954666215,0.44237744838014725,0.322090796393197,200,0,0
4,pcb2,0.2,0.05,0.7724442383646966,0.527613615989685,0.7988303005695344,0.9499999880790709,0.2526700815486509,0.5197741568160456,162,0,38
4,pcb2,0.2,0.1,0.7724442383646966,0.527613615989685,0.7988303005695344,0.9499999880790709,0.2526700815486509,0.5197741568160456,148,0,52
4,pcb2,0.2,0.15,0.7724442383646966,0.527613615989685,0.7988303005695344,0.9499999880790709,0.2526700815486509,0.5197741568160456,137,0,63
4,pcb2,0.35,0.05,0.6929352257080782,0.5157900287302541,0.6874019604477251,0.8432401023720973,0.34983372418752023,0.34310150152055807,152,0,48
4,pcb2,0.35,0.1,0.6929352257080782,0.5157900287302541,0.6874019604477251,0.8432401023720973,0.34983372418752023,0.34310150152055807,133,0,67
4,pcb2,0.35,0.15,0.6929352257080782,0.5157900287302541,0.6874019604477251,0.8432401023720973,0.34983372418752023,0.34310150152055807,115,0,85
4,pcb2,0.5,0.05,0.6450777915814305,0.5110548948071594,0.6345069530299108,0.7645475954666215,0.3932055084169272,0.25187228316450316,143,0,57
4,pcb2,0.5,0.1,0.6450777915814305,0.5110548948071594,0.6345069530299108,0.7645475954666215,0.3932055084169272,0.25187228316450316,118,0,82
4,pcb2,0.5,0.15,0.6450777915814305,0.5110548948071594,0.6345069530299108,0.7645475954666215,0.3932055084169272,0.25187228316450316,97,0,103
4,pcb3,0.2,0.05,0.9499338328541806,0.9499999880790709,0.9499999880790709,0.9499999880790709,0.30385085792396704,0.6460829749302135,201,0,0
4,pcb3,0.2,0.1,0.9499338328541806,0.9499999880790709,0.9499999880790709,0.9499999880790709,0.30385085792396704,0.6460829749302135,201,0,0
4,pcb3,0.2,0.15,0.9499338328541806,0.9499999880790709,0.9499999880790709,0.9499999880790709,0.30385085792396704,0.6460829749302135,201,0,0
4,pcb3,0.35,0.05,0.843141520983716,0.8432401023720973,0.8432401023720973,0.8432401023720973,0.3836527681320588,0.45948875285165713,201,0,0
4,pcb3,0.35,0.1,0.843141520983716,0.8432401023720973,0.8432401023720973,0.8432401023720973,0.3836527681320588,0.45948875285165713,201,0,0
4,pcb3,0.35,0.15,0.843141520983716,0.8432401023720973,0.8432401023720973,0.8432401023720973,0.3836527681320588,0.45948875285165713,201,0,0
4,pcb3,0.5,0.05,0.764455713417492,0.7645475954666215,0.7645475954666215,0.7645475954666215,0.4177751986658971,0.3466805147515949,201,0,0
4,pcb3,0.5,0.1,0.764455713417492,0.7645475954666215,0.7645475954666215,0.7645475954666215,0.4177751986658971,0.3466805147515949,201,0,0
4,pcb3,0.5,0.15,0.764455713417492,0.7645475954666215,0.7645475954666215,0.7645475954666215,0.4177751986658971,0.3466805147515949,201,0,0
4,pcb4,0.2,0.05,0.7815477077047623,0.5475865602493286,0.8227826952934265,0.9499999880790709,0.2709370807653597,0.5106106269394025,178,0,23
4,pcb4,0.2,0.1,0.7815477077047623,0.5475865602493286,0.8227826952934265,0.9499999880790709,0.2709370807653597,0.5106106269394025,153,0,48
4,pcb4,0.2,0.15,0.7815477077047623,0.5475865602493286,0.8227826952934265,0.9499999880790709,0.2709370807653597,0.5106106269394025,140,0,61
4,pcb4,0.35,0.05,0.6996248688788889,0.5272478496837966,0.7062671960313522,0.8432401023720973,0.3622100591495379,0.33741480972935095,156,0,45
4,pcb4,0.35,0.1,0.6996248688788889,0.5272478496837966,0.7062671960313522,0.8432401023720973,0.3622100591495379,0.33741480972935095,137,0,64
4,pcb4,0.35,0.15,0.6996248688788889,0.5272478496837966,0.7062671960313522,0.8432401023720973,0.3622100591495379,0.33741480972935095,116,0,85
4,pcb4,0.5,0.05,0.6502377873657313,0.5190831358489947,0.6488814627301072,0.7645475954666215,0.40225558837241,0.24798219899332138,147,0,54
4,pcb4,0.5,0.1,0.6502377873657313,0.5190831358489947,0.6488814627301072,0.7645475954666215,0.40225558837241,0.24798219899332138,117,0,84
4,pcb4,0.5,0.15,0.6502377873657313,0.5190831358489947,0.6488814627301072,0.7645475954666215,0.40225558837241,0.24798219899332138,99,0,102
4,pipe_fryum,0.2,0.05,0.8023130679130555,0.624355262517929,0.8202757239341736,0.9499999880790709,0.2448221058652039,0.5574909620478515,147,0,3
4,pipe_fryum,0.2,0.1,0.8023130679130555,0.624355262517929,0.8202757239341736,0.9499999880790709,0.2448221058652039,0.5574909620478515,144,0,6
4,pipe_fryum,0.2,0.15,0.8023130679130555,0.624355262517929,0.8202757239341736,0.9499999880790709,0.2448221058652039,0.5574909620478515,127,0,23
4,pipe_fryum,0.35,0.05,0.707922867048485,0.5720767025390129,0.7042381324224937,0.8432401023720973,0.34410516896735055,0.36381769808113434,146,0,4
4,pipe_fryum,0.35,0.1,0.707922867048485,0.5720767025390129,0.7042381324224937,0.8432401023720973,0.34410516896735055,0.36381769808113434,116,0,34
4,pipe_fryum,0.35,0.15,0.707922867048485,0.5720767025390129,0.7042381324224937,0.8432401023720973,0.34410516896735055,0.36381769808113434,93,0,57
4,pipe_fryum,0.5,0.05,0.6547378306785977,0.5506334460563718,0.6473235645161592,0.7645475954666215,0.3889337903089953,0.26580404036960226,136,0,14
4,pipe_fryum,0.5,0.1,0.6547378306785977,0.5506334460563718,0.6473235645161592,0.7645475954666215,0.3889337903089953,0.26580404036960226,99,0,51
4,pipe_fryum,0.5,0.15,0.6547378306785977,0.5506334460563718,0.6473235645161592,0.7645475954666215,0.3889337903089953,0.26580404036960226,73,0,77
