candidate,seed,shot,category,samples,pixel_stride,visual_pixel_auroc,visual_pixel_ap,visual_aupro,fused_pixel_auroc,fused_pixel_ap,fused_aupro,delta_pixel_auroc,delta_pixel_ap,delta_aupro,oracle_pixel_ap_gain,routing_efficiency_ap,rescue_pixel_count,rescue_true_pixel_count,rescue_coverage,anomaly_coverage,rescue_precision,harm_rate,anomaly_prevalence,rescue_precision_lift,image_rescue_enabled,test_labels_used_by_router
region_permissive,0,1,bracket_black,79,8,0.9324282911875085,0.024394520289369392,0.7745121915631047,0.9324282996755464,0.024394516751696474,0.7745121915631047,8.488037939180515e-09,-3.537672918496604e-09,0.0,0.32067709252424736,-1.1031885348121989e-08,0,0,0.0,0.0,0.0,0.0,0.0009606690777576853,0.0,False,False
region_balanced,0,1,bracket_black,79,8,0.9324282911875085,0.024394520289369392,0.7745121915631047,0.9324282996755464,0.024394516751696474,0.7745121915631047,8.488037939180515e-09,-3.537672918496604e-09,0.0,0.32067709252424736,-1.1031885348121989e-08,0,0,0.0,0.0,0.0,0.0,0.0009606690777576853,0.0,False,False
region_strict,0,1,bracket_black,79,8,0.9324282911875085,0.024394520289369392,0.7745121915631047,0.9324282996755464,0.024394516751696474,0.7745121915631047,8.488037939180515e-09,-3.537672918496604e-09,0.0,0.32067709252424736,-1.1031885348121989e-08,0,0,0.0,0.0,0.0,0.0,0.0009606690777576853,0.0,False,False
region_wide_visual,0,1,bracket_black,79,8,0.9324282911875085,0.024394520289369392,0.7745121915631047,0.9324282996755464,0.024394516751696474,0.7745121915631047,8.488037939180515e-09,-3.537672918496604e-09,0.0,0.32067709252424736,-1.1031885348121989e-08,0,0,0.0,0.0,0.0,0.0,0.0009606690777576853,0.0,False,False
region_permissive,0,1,bracket_brown,77,8,0.9308236922739413,0.04568812907492223,0.7133844554906877,0.9308236884608684,0.045688040040806586,0.7133844554906877,-3.813072968483766e-09,-8.903411564259445e-08,0.0,0.29096028284274866,-3.060009248434554e-07,0,0,0.0,0.0,0.0,0.0,0.0045181221839385105,0.0,False,False
region_balanced,0,1,bracket_brown,77,8,0.9308236922739413,0.04568812907492223,0.7133844554906877,0.9308236884608684,0.045688040040806586,0.7133844554906877,-3.813072968483766e-09,-8.903411564259445e-08,0.0,0.29096028284274866,-3.060009248434554e-07,0,0,0.0,0.0,0.0,0.0,0.0045181221839385105,0.0,False,False
region_strict,0,1,bracket_brown,77,8,0.9308236922739413,0.04568812907492223,0.7133844554906877,0.9308236884608684,0.045688040040806586,0.7133844554906877,-3.813072968483766e-09,-8.903411564259445e-08,0.0,0.29096028284274866,-3.060009248434554e-07,0,0,0.0,0.0,0.0,0.0,0.0045181221839385105,0.0,False,False
region_wide_visual,0,1,bracket_brown,77,8,0.9308236922739413,0.04568812907492223,0.7133844554906877,0.9308236884608684,0.045688040040806586,0.7133844554906877,-3.813072968483766e-09,-8.903411564259445e-08,0.0,0.29096028284274866,-3.060009248434554e-07,0,0,0.0,0.0,0.0,0.0,0.0045181221839385105,0.0,False,False
region_permissive,0,1,bracket_white,60,8,0.9912126681180973,0.09433514780956423,0.9639654267182795,0.9912126681180973,0.09433514780956422,0.9639660739839296,0.0,-1.3877787807814457e-17,6.472656501887997e-07,0.06012569101090906,-2.308129449239345e-16,23,0,0.00012223639455782314,0.0,0.0,1.0,0.00022852891156462584,0.0,False,False
region_balanced,0,1,bracket_white,60,8,0.9912126681180973,0.09433514780956423,0.9639654267182795,0.9912126681180973,0.09433514780956422,0.9639654267182795,0.0,-1.3877787807814457e-17,0.0,0.06012569101090906,-2.308129449239345e-16,0,0,0.0,0.0,0.0,0.0,0.00022852891156462584,0.0,False,False
region_strict,0,1,bracket_white,60,8,0.9912126681180973,0.09433514780956423,0.9639654267182795,0.9912126681180973,0.09433514780956422,0.9639654267182795,0.0,-1.3877787807814457e-17,0.0,0.06012569101090906,-2.308129449239345e-16,0,0,0.0,0.0,0.0,0.0,0.00022852891156462584,0.0,False,False
region_wide_visual,0,1,bracket_white,60,8,0.9912126681180973,0.09433514780956423,0.9639654267182795,0.9912126681180973,0.09433514780956422,0.9639654267182795,0.0,-1.3877787807814457e-17,0.0,0.06012569101090906,-2.308129449239345e-16,0,0,0.0,0.0,0.0,0.0,0.00022852891156462584,0.0,False,False
region_permissive,0,1,connector,44,8,0.9467822385194105,0.09832228961017495,0.710820727606006,0.9467822385194103,0.09832220422608803,0.710820727606006,-1.1102230246251565e-16,-8.538408691194377e-08,0.0,0.6382825051405978,-1.3377162341796565e-07,6,0,4.348330241187384e-05,0.0,0.0,1.0,0.005536873840445269,0.0,False,False
region_balanced,0,1,connector,44,8,0.9467822385194105,0.09832228961017495,0.710820727606006,0.9467822385194103,0.09832220422608803,0.710820727606006,-1.1102230246251565e-16,-8.538408691194377e-08,0.0,0.6382825051405978,-1.3377162341796565e-07,0,0,0.0,0.0,0.0,0.0,0.005536873840445269,0.0,False,False
region_strict,0,1,connector,44,8,0.9467822385194105,0.09832228961017495,0.710820727606006,0.9467822385194103,0.09832220422608803,0.710820727606006,-1.1102230246251565e-16,-8.538408691194377e-08,0.0,0.6382825051405978,-1.3377162341796565e-07,0,0,0.0,0.0,0.0,0.0,0.005536873840445269,0.0,False,False
region_wide_visual,0,1,connector,44,8,0.9467822385194105,0.09832228961017495,0.710820727606006,0.9467822385194103,0.09832220422608803,0.710820727606006,-1.1102230246251565e-16,-8.538408691194377e-08,0.0,0.6382825051405978,-1.3377162341796565e-07,0,0,0.0,0.0,0.0,0.0,0.005536873840445269,0.0,False,False
region_permissive,0,1,metal_plate,97,8,0.9703775891019858,0.8471732544842592,0.8705671050928604,0.9703775894134654,0.8471732114256537,0.8705671050928604,3.1147961987443296e-10,-4.3058605458945465e-08,0.0,0.2502038794764917,-1.720940760352643e-07,0,0,0.0,0.0,0.0,0.0,0.11801428045444982,0.0,False,False
region_balanced,0,1,metal_plate,97,8,0.9703775891019858,0.8471732544842592,0.8705671050928604,0.9703775894134654,0.8471732114256537,0.8705671050928604,3.1147961987443296e-10,-4.3058605458945465e-08,0.0,0.2502038794764917,-1.720940760352643e-07,0,0,0.0,0.0,0.0,0.0,0.11801428045444982,0.0,False,False
region_strict,0,1,metal_plate,97,8,0.9703775891019858,0.8471732544842592,0.8705671050928604,0.9703775894134654,0.8471732114256537,0.8705671050928604,3.1147961987443296e-10,-4.3058605458945465e-08,0.0,0.2502038794764917,-1.720940760352643e-07,0,0,0.0,0.0,0.0,0.0,0.11801428045444982,0.0,False,False
region_wide_visual,0,1,metal_plate,97,8,0.9703775891019858,0.8471732544842592,0.8705671050928604,0.9703775894134654,0.8471732114256537,0.8705671050928604,3.1147961987443296e-10,-4.3058605458945465e-08,0.0,0.2502038794764917,-1.720940760352643e-07,0,0,0.0,0.0,0.0,0.0,0.11801428045444982,0.0,False,False
region_permissive,0,1,tubes,101,8,0.9750213751943643,0.5715182717942442,0.8666257806070994,0.9750213776571748,0.5715178989790408,0.8666257806070994,2.4628105110835463e-09,-3.7281520337550944e-07,0.0,0.5630344224475281,-6.62153482117257e-07,0,0,0.0,0.0,0.0,0.0,0.00816137098403718,0.0,False,False
region_balanced,0,1,tubes,101,8,0.9750213751943643,0.5715182717942442,0.8666257806070994,0.9750213776571748,0.5715178989790408,0.8666257806070994,2.4628105110835463e-09,-3.7281520337550944e-07,0.0,0.5630344224475281,-6.62153482117257e-07,0,0,0.0,0.0,0.0,0.0,0.00816137098403718,0.0,False,False
region_strict,0,1,tubes,101,8,0.9750213751943643,0.5715182717942442,0.8666257806070994,0.9750213776571748,0.5715178989790408,0.8666257806070994,2.4628105110835463e-09,-3.7281520337550944e-07,0.0,0.5630344224475281,-6.62153482117257e-07,0,0,0.0,0.0,0.0,0.0,0.00816137098403718,0.0,False,False
region_wide_visual,0,1,tubes,101,8,0.9750213751943643,0.5715182717942442,0.8666257806070994,0.9750213776571748,0.5715178989790408,0.8666257806070994,2.4628105110835463e-09,-3.7281520337550944e-07,0.0,0.5630344224475281,-6.62153482117257e-07,0,0,0.0,0.0,0.0,0.0,0.00816137098403718,0.0,False,False
